,pick_up_in_store,pick_up_curbside,local_store_delivery,population_density,median_household_income,PF,occupancy_rate,child_teen_rate,working_age_rate,female_rate,white_pop_rate,race_minority,owned_hh_rate,income_earners_rate,middle_income_hh_rate,work_from_home_rate,higher_education_rate,average_year_pop_growth_rate,ID,name,address,city,state,zip_code,latitude,longitude,2017 Sales,2018 Sales,2019 Sales,2020 Sales
0,Yes,Yes,Yes,2412,84704,2.581772213,0.946975648,0.225122415,0.590829995,0.516409696,0.883857391,black,0.201887184,0.679844206,0.543965787,0.038924625,0.538736126,0.00545381,Massachusetts-Dedham,Dedham At Home,300 Providence Hwy,Dedham,MA,2026,42.2437,-71.1637,#N/A,#N/A,8076927.946,6835038.696
1,Yes,Yes,Yes,746,70966,4.271078815,0.957294029,0.241391888,0.608914502,0.514662971,0.951561132,two or more,0.242992499,0.684533731,0.5423624,0.029779463,0.398600679,0.003207485,Massachusetts-Seekonk,Seekonk At Home,1110 Fall River Ave,Seekonk,MA,2771,41.796947,-71.327475,8124951.888,10533903.39,9849662.957,8494276.853
2,Yes,Yes,Yes,1961,61682,5.388108018,0.944964187,0.203662578,0.595544774,0.525231474,0.927670915,asian,0.174646144,0.665157079,0.551171875,0.027606933,0.413281607,-0.001165194,Rhode Island-Warwick North,Warwick North  At Home,650 Bald Hill Rd,Warwick,RI,2886,41.71976,-71.485791,7905291.87,1290297.773,7578992.88,7323720.451
3,Yes,Yes,Yes,2198,64761,6.63413169,0.957910702,0.210748845,0.657745619,0.521271031,0.716546073,asian,0.14349332,0.722808333,0.599716828,0.026875052,0.490862101,-0.000436452,Connecticut-Manchester,Manchester At Home,1181 Tolland Turnpike,Manchester,CT,6042,41.798209,-72.556885,#N/A,5234104.858,9594620.827,9176974.848
4,Yes,Yes,No,1708,65090,6.479687206,0.955670272,0.211921266,0.609926975,0.525373466,0.854023798,black,0.226871302,0.688111213,0.59957477,0.023763921,0.390284757,0.000520712,New York-Albany,Albany At Home,161 Washington Ave Ext,Albany,NY,12205,42.695011,-73.847962,9613179.701,9493778.275,9117475.762,7051295.894
5,Yes,Yes,Yes,430,66111,4.616659532,0.954589749,0.284200595,0.61376007,0.514914,0.683068437,black,0.136994692,0.703883495,0.581120944,0.020450814,0.376988984,0.003377583,New York-Middletown,Middletown At Home,100 N Galleria Dr,Middletown,NY,10941,41.460675,-74.373571,#N/A,5689248.48,8795768.141,6802129.195
6,Yes,Yes,No,2301,103170,2.773526166,0.967573857,0.255478188,0.574428423,0.521026372,0.860737979,asian,0.240288597,0.672430994,0.483346116,0.037399618,0.553031715,-4.23E-05,New Jersey-Wayne,Wayne At Home,"77 Willowbrook Blvd, Ste 81",Wayne,NJ,7470,40.886681,-74.254785,#N/A,7340683.867,9976765.738,8420178.773
7,Yes,Yes,Yes,811,64366,2.60293433,0.947207558,0.214936474,0.537960954,0.536163619,0.932816858,asian,0.280434145,0.637065932,0.521176112,0.039127471,0.517208904,-0.00291301,New York-New Hartford,New Hartford At Home,4645 Commercial Dr,New Hartford,NY,13413,43.08915,-75.314787,#N/A,6158428.085,6204213.605,5074251.149
8,Yes,Yes,No,3110,69797,1.783440559,0.93524063,0.234085757,0.584836607,0.527602002,0.933179071,black,0.237194688,0.665095687,0.551235294,0.054957003,0.351542396,0.005576851,New Jersey-Brick,Brick At Home,1930 N Jersey 88,Brick,NJ,8724,40.0874,-74.1152,#N/A,2493819.475,9630943.618,7723799.914
9,Yes,Yes,No,4522,26841,11.43300236,0.847743002,0.32221163,0.594601375,0.513270784,0.569464653,black,0.110149872,0.585436958,0.28462746,0.015997902,0.237811838,-0.001673588,New York-Syracuse,Syracuse At Home,9090 Destiny USA Dr,Syracuse,NY,13204,43.068151,-76.173342,7219799.101,6983818.344,6827691.643,4995939.456
10,Yes,Yes,Yes,2124,55861,2.553877561,0.949482862,0.234443536,0.585607018,0.524347632,0.82889748,black,0.212099388,0.679081037,0.56508981,0.023782729,0.335556011,0.00593826,Pennsylvania-Whitehall Township,Whitehall Township At Home,2520 MacArthur Road,Whitehall,PA,18052,40.642174,-75.496067,#N/A,7690556.102,8206267.838,7349832.23
11,Yes,Yes,Yes,3505,66857,0,0.95771016,0.242672048,0.601847918,0.517523364,0.753770178,black,0.179725363,0.702464789,0.565989848,0.019995834,0.439480833,0.004100602,Pennsylvania-Willow Grove,Willow Grove  At Home,2620 Moreland Rd,Willow Grove,PA,19090,40.1568,-75.1269,#N/A,#N/A,5125735.44,7054021.152
12,Yes,Yes,Yes,3101,68465,7.384597831,0.935607632,0.231615336,0.583909491,0.527251504,0.747014456,asian,0.200044331,0.665831663,0.563564724,0.029163905,0.486060068,-0.001480968,New Jersey-Cherry Hill,Cherry Hill At Home,989 Church Rd,Cherry Hill,NJ,8002,39.944529,-75.021585,3665134.21,12708211.36,10876605.03,8573420.39
13,Yes,Yes,Yes,2609,70982,1.968194958,0.954089136,0.248563808,0.620794009,0.517593352,0.824784571,black,0.169291602,0.720439506,0.597058425,0.019212769,0.348143753,-0.001480968,New Jersey-Turnersville,Turnersville At Home,5700 Route 42 N,Turnersville,NJ,8012,39.7843,-75.0553,#N/A,#N/A,3488262.149,7479347.026
14,Yes,Yes,No,1494,64145,2.413008574,0.957607069,0.24737339,0.566383415,0.519315374,0.874525402,asian,0.237382141,0.674139372,0.546107484,0.040635746,0.472287838,0.005311421,Pennsylvania-Lancaster,Lancaster At Home,1890 Fruitville Pike,Lancaster,PA,17601,40.07294,-76.322022,#N/A,7167525.739,9348115.968,7339388.53
15,Yes,Yes,No,1424,46149,6.806360275,0.938538696,0.273948405,0.62352335,0.448901483,0.743679388,asian,0.156223806,0.708202638,0.490085312,0.024095395,0.479473334,-0.000418562,New York-Rochester,Rochester At Home,1100 Jefferson Rd,Rochester,NY,14623,43.088994,-77.610786,4081579.949,10015981.36,8011340.496,6343335.662
16,Yes,Yes,No,2205,53944,6.156560293,0.964687621,0.230318565,0.57281715,0.5299757,0.883758863,black,0.214481094,0.628685259,0.523995225,0.032205549,0.423063255,-0.000418562,New York-Greece,Greece At Home,3049 West Ridge Road,Rochester,NY,14626,43.209209,-77.711805,#N/A,7053578.021,6736299.826,5686486.344
17,Yes,Yes,No,491,76593,1.937238666,0.956891702,0.230251108,0.621713442,0.511314623,0.887680945,black,0.24061145,0.727687534,0.633616831,0.021415167,0.484030402,0.004082255,Pennsylvania-Harrisburg,Harrisburg  At Home,5070 Jonestown Rd,Harrisburg,PA,17112,40.3352,-76.7914,#N/A,2830229.899,8232885.331,6841506.398
18,Yes,Yes,Yes,871,63355,3.515034191,0.949354005,0.231039232,0.585773315,0.516372684,0.90851735,black,0.249428416,0.657608696,0.597770911,0.023739714,0.321904644,0.003434929,Pennsylvania-York,York At Home,855 Town Center Dr,York,PA,17408,39.970676,-76.76938,10171112.75,9353649.427,8025988.147,6668196.696
19,Yes,Yes,Yes,4423,60430,3.034992836,0.951361604,0.253222562,0.636819164,0.511772595,0.650007451,black,0.115351752,0.739024616,0.534833669,0.012696303,0.268522836,0.00797305,Maryland-Glen Burnie,Glen Burnie  At Home,6716 Governor Ritchie Hwy,Glen Burnie,MD,21061,39.1618,-76.6297,#N/A,#N/A,3099082.723,6840094.709
20,Yes,Yes,Yes,4530,107715,0.235978846,0.969057523,0.289276511,0.630882061,0.515520317,0.802497522,black,0.082495812,0.810713029,0.624112746,0.037277586,0.63511276,0.00797305,Maryland-Crofton,Crofton At Home,1647 Crofton Center,Crofton,MD,21114,39.0112,-76.6802,#N/A,4698973.066,11249966.36,9553388.875
21,Yes,Yes,Yes,907,72646,4.134762343,0.921814855,0.236052475,0.624543111,0.521689854,0.804692149,black,0.121919496,0.724436448,0.554361781,0.0523986,0.468861875,0.011483531,Maryland-Frederick,Frederick  At Home,1811 Monocacy Blvd,Frederick,MD,21701,39.446045,-77.389114,#N/A,7959058.272,10179898.62,7760119.003
22,Yes,Yes,Yes,2860,116347,2.620808708,0.961692939,0.27961759,0.63688627,0.513563719,0.591615155,asian,0.091566373,0.766044868,0.481692757,0.055101503,0.713080659,0.008282669,Maryland-Gaithersburg,Gaithersburg At Home,209 Kentlands Blvd,Gaithersburg,MD,20878,39.1125,-77.2515,#N/A,462257.136,9946845.85,6680294.222
23,Yes,Yes,Yes,1376,122054,3.244493672,0.975541886,0.30214279,0.631187424,0.499017498,0.578646954,asian,0.096081669,0.784566699,0.44292937,0.064118265,0.577281739,0.006143469,Virginia-Chantilly,Chantilly At Home,13910 Metrotech Dr,Chantilly,VA,20151,38.8867,-77.4457,7487640.743,9699036.077,10009905.96,7855559.942
24,Yes,Yes,Yes,4133,90378,0.289460629,0.958358531,0.322080304,0.620545676,0.50561967,0.470053527,black,0.057558821,0.769567872,0.579999112,0.029076235,0.362928654,0.016457921,Virginia-Dale City,Dale City At Home,2851 Dale Blvd,Dale City,VA,22193,38.625869,-77.299827,8017355.418,6978318.172,6321758.17,6104967.12
25,Yes,Yes,Yes,1819,65017,2.225034503,0.946113074,0.294539112,0.64937609,0.494217094,0.493814571,other,0.042794896,0.80083018,0.613856666,0.023838081,0.343766189,0.016457921,Virginia-Manassas,Mannasas At Home,8300 Sudley Rd,Manassas,VA,20109,38.774403,-77.506487,6988385.147,6136405.142,5222181.557,4410865.037
26,Yes,Yes,No,969,78164,1.650542215,0.949994939,0.306793785,0.593519159,0.515719952,0.713565736,black,0.096537027,0.694640306,0.60380055,0.033073788,0.351192956,0.011427609,Virginia-Fredericksburg,Fredericksburg At Home,3655 Plank Rd,Fredericksburg,VA,22407,38.292333,-77.527337,4554761.651,7806650.558,7582667.947,7535909.635
28,Yes,Yes,Yes,1438,58083,3.95217953,0.934537078,0.204427497,0.580941284,0.527910179,0.794972284,black,0.251967878,0.635575473,0.521250299,0.040482534,0.473335802,-0.00071665,Pennsylvania-Monroeville,Monroeville At Home,120 Mall Plaza Blvd,Monroeville,PA,15146,40.430905,-79.791807,5638381.841,9000231.005,9315206.899,7886362.867
29,Yes,Yes,Yes,2517,55415,3.133732395,0.932692308,0.247004516,0.627415956,0.523933768,0.397892624,black,0.116886216,0.698668818,0.538050869,0.022255433,0.334838787,-0.002360804,Virginia-Hampton,Hampton At Home,1072 W Mercury Blvd,Hampton,VA,23666,37.044292,-76.386038,7895830.823,8899840.282,9245753.626,9021051.936
30,Yes,Yes,Yes,1730,69103,7.220633713,0.948896941,0.218021244,0.593197279,0.525193937,0.926626089,asian,0.260796316,0.70103695,0.560282486,0.037630694,0.56033747,-0.00071665,Pennsylvania-Pittsburgh,Pittsburgh At Home,3000 Mcintyre Square Dr.,Pittsburgh,PA,15237,40.552261,-80.016618,8633910.326,8187454.181,8539497.49,7152675.106
31,Yes,Yes,Yes,404,61273,2.792327815,0.936170213,0.24400166,0.61577418,0.521461187,0.75682856,black,0.208806818,0.714695047,0.643794147,0.024185587,0.255284741,0.008251403,Virginia-Richmond,Richmond At Home,401 International Center Dr,Sandston,VA,23150,37.528543,-77.331617,7331485.254,7485776.64,7314013.642,6413116.162
32,Yes,Yes,Yes,1017,63277,0.52177274,0.916849135,0.23893607,0.61581949,0.507932159,0.898189425,black,0.218401099,0.718743511,0.530083778,0.029512504,0.497386395,-0.00071665,Pennsylvania-Coraopolis,Coraopolis At Home,2000 Casteel Dr,Coraopolis,PA,15108,40.455492,-80.18182,12880339.28,12944630.36,13235953.1,10312354.74
33,Yes,Yes,Yes,1588,69475,6.878158316,0.949541705,0.256115219,0.639033149,0.525590285,0.590420295,black,0.095709252,0.726370276,0.62654808,0.027431955,0.451833403,0.010155171,Virginia-Chesapeake,Chesapeake At Home,1517 Sams Cir,Chesapeake,VA,23320,36.77237,-76.248783,15281420.71,16121084.59,15945881.43,13959081.79
34,Yes,Yes,Yes,1727,67956,6.003565205,0.934344561,0.238322559,0.593568705,0.528161777,0.754218465,black,0.204838453,0.679775052,0.596053914,0.041900561,0.534712857,0.011892142,Virginia-Chesterfield,Chesterfield At Home,11500 Midlothian Turnpike,Richmond,VA,23235,37.508892,-77.609739,11692422.26,12306652.36,11842983.4,9432603.245
35,Yes,Yes,Yes,1549,37428,1.655816401,0.89661215,0.230637079,0.591648771,0.522118826,0.935099022,black,0.240933768,0.55590081,0.373331825,0.016589862,0.225329295,-0.006445014,Ohio-Niles,Niles At Home,5555 Youngstown-Warren Rd,Niles,OH,44446,41.1824,-80.7558,#N/A,5370206.4,6333392.304,5515969.982
36,Yes,Yes,Yes,1563,64446,1.599586183,0.943334614,0.234624902,0.601119397,0.516749431,0.962116557,asian,0.22740786,0.697779819,0.582554768,0.032534301,0.386123098,6.62E-05,Ohio-Mentor,Mentor At Home,7980 Plaza Blvd,Mentor,OH,44060,41.678,-81.3285,#N/A,#N/A,#N/A,7448884.733
37,Yes,Yes,Yes,1146,58949,1.494867929,0.943120009,0.243450397,0.583337606,0.518610613,0.947423738,black,0.219584024,0.692576987,0.551292382,0.04074055,0.440463534,-0.001417199,Ohio-North Canton,North Canton At Home,4932 Portage St NW,North Canton,OH,44720,40.9014,-81.4317,#N/A,#N/A,6529403.779,8410967.438
38,Yes,Yes,Yes,1346,43449,1.329712053,0.899334556,0.259387206,0.590308576,0.519427976,0.804179699,black,0.198195477,0.649723543,0.453399,0.022800743,0.246005288,0.003043452,Ohio-Elyria,Sheffield Village At Home,5223 Cobblestone Rd,Elyria,OH,44035,41.421969,-82.079244,11677531.3,12120195.95,11597896.04,9860010.912
39,Yes,Yes,Yes,4810,40289,2.636146673,0.919729616,0.256816072,0.612180299,0.516185532,0.830969866,black,0.199356913,0.630305277,0.426135207,0.023182613,0.187423897,0.004238277,Michigan-Roseville,Roseville At Home,32123 Gratiot Ave.,Roseville,MI,48066,42.510899,-82.927968,#N/A,9695970.043,8481800.362,7946796.298
40,Yes,Yes,Yes,2081,69171,1.55674672,0.958864704,0.241426044,0.574370365,0.522493694,0.920528555,asian,0.2782,0.580548764,0.514291506,0.03241783,0.37428195,0.004238277,Michigan-Utica,Utica At Home,45160 Utica Park Blvd,Utica,MI,48315,42.629409,-83.005321,11320081.71,10232433.72,10212456.12,8940687.811
41,Yes,Yes,Yes,2605,63788,8.872504237,0.921090684,0.255076199,0.604922913,0.512151775,0.730172835,asian,0.176609105,0.63877851,0.497212932,0.023014741,0.512895589,0.004938315,Michigan-Troy,Troy At Home,200 W 14 Mile Rd,Troy,MI,48083,42.534625,-83.109027,2108936.318,10635234.67,9866234.261,9061675.877
42,Yes,Yes,Yes,1382,110034,1.021558849,0.909305761,0.224674479,0.548502604,0.509895833,0.803710938,asian,0.284437947,0.63244879,0.399088542,0.064163823,0.7168118,0.004938315,Michigan-Bloomfield Hills,Bloomfield Township At Home,2101 S Telegraph Rd,Boomfield Hills,MI,48302,42.609592,-83.298383,#N/A,#N/A,#N/A,#N/A
43,Yes,Yes,Yes,1956,50373,11.95507367,0.919871969,0.274334186,0.638517676,0.520543076,0.475642119,black,0.100554376,0.720265346,0.502791305,0.051870496,0.420645914,0.022894638,North Carolina-Raleigh,Raleigh At Home,4700 Green Rd - Corner of Capital & Millbrook,Raleigh,NC,27604,35.848172,-78.585344,14504076.01,15622902.73,15804604.83,12512010.24
44,Yes,Yes,Yes,2116,45831,5.720552491,0.882024616,0.260822246,0.642782578,0.52999578,0.413255447,black,0.108226513,0.729582241,0.408859576,0.046379452,0.53072735,0.019020329,North Carolina-Durham,Durham At Home,4215 University Dr,Durham,NC,27707,35.962759,-78.958733,8489351.514,8913210.998,9341008.387,7692046.272
45,Yes,Yes,Yes,1217,47908,1.200064135,0.878010471,0.281670908,0.647073428,0.501334492,0.819750481,black,0.162641622,0.802924846,0.437649711,0.031908832,0.426531199,0.004938315,Michigan-Wixom,Wixom At Home,10800 Assembly Park Dr,Wixom,MI,48393,42.500503,-83.539191,5904058.821,13622879.36,13162393.17,10745685.42
46,Yes,Yes,Yes,3381,34521,35.53167403,0.865800038,0.257916174,0.600413875,0.527558796,0.530055183,black,0.120630014,0.647510191,0.333357585,0.013457044,0.244820652,0.013587486,Ohio-Columbus,Columbus At Home,6060 E Main St,Columbus,OH,43213,39.95617,-82.835137,7792399.224,8179173.302,8302676.242,7592285.909
47,Yes,Yes,Yes,1459,48772,0.193133591,0.918805343,0.281898188,0.643149251,0.510730877,0.616076687,black,0.10209082,0.734407474,0.465095343,0.039317191,0.477957492,0.006855769,Ypsilanti,Ypsilanti At Home,3100 Washtenaw Ave,Ypsilanti,MI,48197,42.251186,-83.659813,6160282.255,5961641.89,5757899.587,5303216.059
48,Yes,Yes,No,1385,65236,10.81399987,0.905875642,0.252234073,0.685500144,0.522340732,0.759584895,asian,0.057934509,0.85806221,0.690970275,0.033952014,0.655680496,0.019957989,Ohio-Columbus-North,Columbus North At Home,1160 Gemini Pl,Columbus,OH,43240,40.148722,-82.986761,2863948.781,11411424,11424463.19,9169660.339
49,Yes,Yes,Yes,3244,46019,10.18022144,0.926910752,0.222260157,0.607067258,0.530897917,0.792523045,black,0.169841854,0.66131489,0.48238886,0.029831844,0.390427253,-0.003337065,Ohio-Toledo,Toledo At Home,2244 S Reynolds Rd,Toledo,OH,43614,41.598474,-83.664955,7325231.047,7374509.395,7539739.805,7073958.845
50,Yes,Yes,No,1540,76813,0.376540124,0.955827695,0.319158783,0.611252013,0.50863617,0.859229502,asian,0.097661897,0.790024587,0.621102214,0.043370346,0.544841173,0.013587486,Ohio-Hilliard,Hilliard At Home,3599 Park Mill Run Dr,Hilliard,OH,43026,40.02583,-83.120477,14347484.48,13056819.09,12610676.74,9679401.778
51,Yes,Yes,Yes,525,41741,2.191677246,0.931668857,0.315435215,0.561343124,0.528606394,0.842435368,black,0.270333803,0.642269884,0.451507208,0.022268615,0.244243851,-0.005290052,Michigan-Saginaw,Saginaw At Home,5417 Bay Rd,Saginaw,MI,48604,43.486149,-83.978164,7531534.058,7093741.651,6850122.768,5849911.57
52,Yes,Yes,Yes,1526,42270,9.615486482,0.883221349,0.268219368,0.633709615,0.50983954,0.472038407,black,0.105753777,0.689996854,0.414169364,0.028214361,0.365983829,0.010354679,North Carolina-Greensboro,Greensboro At Home,6103 Landmark Center Blvd,Greensboro,NC,27407,36.053332,-79.898028,12900314.84,12683112.54,12846492.22,11709816.75
53,Yes,Yes,Yes,1583,55219,0.791486986,0.927577007,0.279190867,0.59897857,0.515842179,0.790586822,black,0.171739358,0.658055413,0.546436625,0.016746086,0.353389094,-0.000813148,Ohio-Huber Heights,Huber Heights At Home,8221 Troy Pike,Huber Heights,OH,45424,39.8353,-84.1123,#N/A,#N/A,7645276.915,6872474.65
54,Yes,Yes,Yes,2202,58920,5.070573124,0.930960197,0.234735218,0.577843156,0.516880486,0.906867946,black,0.214545455,0.675224799,0.509363706,0.043213457,0.519105691,-0.000813148,Ohio-Beavercreek,Beavercreek At Home,4480 Indian Ripple Road,Dayton,OH,45440,39.698378,-84.105653,#N/A,9309956.875,7570827.49,6207286.118
55,Yes,Yes,Yes,808,59257,3.277215822,0.921331589,0.30379724,0.595634527,0.511788581,0.752430775,black,0.13870257,0.698635857,0.532592043,0.040172492,0.400361822,0.021621223,North Carolina-Concord,Concord At Home,7965 Lyles Ln NW,Concord,NC,28027,35.363908,-80.715673,10257978.57,11561748.06,11728959.7,10391871.25
56,Yes,Yes,Yes,1150,82772,0.224752332,0.952576916,0.305104474,0.596786003,0.504327257,0.937522293,asian,0.160306521,0.731209582,0.534639349,0.05665034,0.537502185,0.004866594,Ohio-Loveland,Loveland At Home,9570 Fields Ertel Rd,Loveland,OH,45140,39.2445,-84.2588,#N/A,#N/A,6519692.765,5849871.163
57,Yes,Yes,Yes,1498,47114,4.467185363,0.928592205,0.249322672,0.563734884,0.528315602,0.572061059,black,0.141425215,0.647764262,0.442802503,0.027091044,0.397549423,0.002088148,Ohio-Springdale,Springdale At Home,11925 Commons Dr,Springdale,OH,45246,39.291759,-84.459923,8138445.034,8279777.995,6891882.912,5857797.154
58,Yes,Yes,No,4050,52428,32.76591967,0.900694332,0.121499219,0.762727746,0.523477356,0.836127017,black,0.077626389,0.814336998,0.460816777,0.047051817,0.665761923,0.002088148,Ohio-Cincinnati,Cincinnati  At Home,4825 Marburg Ave,Cincinnati,OH,45209,39.1516,-84.4278,#N/A,#N/A,6831400.118,6415469.77
59,Yes,Yes,No,2471,44893,4.022827327,0.921901979,0.225503522,0.628567898,0.513097739,0.827752379,black,0.189165826,0.685090604,0.398707544,0.046222927,0.610071797,0.006191084,Michigan-Kalamazoo,Kalamazoo At Home,4620 Stadium Dr,Kalamazoo,MI,49008,42.270413,-85.646813,7363892.326,7572219.451,7788175.92,6482200.277
60,Yes,Yes,Yes,1537,57859,0.973371014,0.961376043,0.289103068,0.557553108,0.51534225,0.952793076,two or more,0.254231841,0.712122702,0.59159872,0.029064346,0.402058806,0.011144865,Michigan-Georgetown Township,Jenison At Home,334 Chicago Dr,Georgetown Township,MI,49428,42.902278,-85.790365,8103070.489,8935200.59,9356814.317,8149742.482
61,Yes,Yes,No,1104,50763,8.99066613,0.92209004,0.255897599,0.620649529,0.534645086,0.643605205,black,0.084239818,0.687235949,0.476572288,0.038123795,0.382918552,0.020722687,North Carolina-Charlotte,Pineville At Home,11415 Carolina Place Pkwy,Pineville,NC,28134,35.077265,-80.876606,16277201.75,16815665.38,16465808.92,12838723.32
62,Yes,Yes,Yes,1014,39298,3.718642608,0.885475504,0.202949336,0.633377135,0.504832822,0.877909184,black,0.223654234,0.658437349,0.38510457,0.020431045,0.402216285,0.005284768,Tennessee-Johnson City,Johnson City At Home,3019 Peoples St,Johnson City,TN,37604,36.2996,-82.3832,#N/A,#N/A,4919406.379,6475667.098
63,Yes,Yes,No,1744,53637,2.236369123,0.939334824,0.280239353,0.602645693,0.516650656,0.888368556,black,0.13190153,0.70869017,0.536274263,0.029531823,0.348773015,0.012578164,Kentucky-Florence,Florence At Home,4874 Houston Rd,Florence,KY,41042,39.018717,-84.626677,9118645.842,9519052.795,9278258.198,7499218.709
64,Yes,Yes,Yes,787,66806,10.27258809,0.905954663,0.261061673,0.650692127,0.522926709,0.758867878,black,0.091771228,0.765055392,0.526938805,0.046387104,0.563523262,0.009490979,Kentucky-Lexington,Lexington At Home,1996 Pavilion Way,Lexington,KY,40509,38.02637,-84.417605,12481888.57,12012113.4,12364803.72,10747910.89
65,Yes,Yes,Yes,435,58526,1.855058745,0.909530927,0.313040221,0.59853636,0.513858476,0.902558488,black,0.110815464,0.758667025,0.551020408,0.046788309,0.510681677,0.022574316,Indiana-Noblesville,Noblesville At Home,301 Noble Creek Dr,Noblesville,IN,46060,40.042105,-85.996857,10809045.52,11155311.13,11062180.99,9035317.987
66,Yes,Yes,Yes,1879,41718,44.22481746,0.917062387,0.263809333,0.616903665,0.54095734,0.461446024,black,0.067583251,0.73733793,0.40653083,0.016344054,0.453822125,0.007162237,Indiana-Indianapolis NW,Indianapolis  At Home,3015 W 86th St,Indianapolis,IN,46268,39.8682,-86.2123,#N/A,#N/A,6823921.104,6199734.11
67,Yes,Yes,Yes,3407,37380,2.1450037,0.900689065,0.273902533,0.603247731,0.5175875,0.799162667,asian,0.128457815,0.649934037,0.385582383,0.019687979,0.268127425,0.007162237,Indiana-Greenwood,Greenwood At Home,7667 Shelby St,Indianapolis,IN,46227,39.653643,-86.137769,7243312.68,7529370.091,7347718.469,6177244.622
68,Yes,Yes,Yes,1197,48809,5.804771775,0.891572084,0.262591701,0.611998724,0.532403514,0.625656044,black,0.134412243,0.696379127,0.45249533,0.031244635,0.489794222,0.016287479,South Carolina-Greenville,Greenville At Home,35 Park Woodruff Dr,Greenville,SC,29607,34.820633,-82.293869,12086290.23,11769381.94,12235158.03,11082044.15
69,Yes,Yes,Yes,723,69207,1.694162375,0.941605839,0.264236012,0.607516093,0.511480024,0.864611295,black,0.17973985,0.739516129,0.589684891,0.032764401,0.447913551,0.00365204,Kentucky-Jeffersontown,Louisville At Home,11501 Bluegrass Pkwy,Jeffersontown,KY,40299,38.221307,-85.540602,16466476.01,16416178.56,16352943.48,12296811
70,Yes,Yes,No,1036,73760,1.381082552,0.947949527,0.308433583,0.596019399,0.512722807,0.895351767,black,0.109291532,0.720209424,0.602066263,0.048306067,0.487255777,0.017300072,Indiana-Avon,Avon  At Home,216 Gable Crossing Dr,Avon,IN,46123,39.7629,-86.3996,#N/A,#N/A,4500109.152,6685955.64
71,Yes,Yes,Yes,325,52174,4.257808548,0.919738819,0.26535595,0.604857363,0.51459779,0.866820869,other,0.175032984,0.7092891,0.524404223,0.030685921,0.385153797,0.013752706,Indiana-Lafayette,Lafayette At Home,3530 State Road 38,Lafayette,IN,47905,40.40016,-86.853867,#N/A,6142845.11,6117444.662,5285076.091
72,Yes,Yes,No,2017,35656,8.35134104,0.88184089,0.2745787,0.643924405,0.496725114,0.425359896,black,0.120171674,0.700374532,0.373271077,0.006254044,0.242579495,0.017829737,South Carolina-Charleston,Charleston At Home,6185 Rivers Ave,North Charleston,SC,29406,32.906356,-80.024261,10861802.47,11417133.2,11501309.91,11082197.97
73,Yes,Yes,Yes,1299,48865,2.151579751,0.921855184,0.280073031,0.586358894,0.531637976,0.453442879,black,0.116737635,0.644816054,0.504548171,0.013620201,0.287522107,-0.002361796,Indiana-Merrillville,Merrillville At Home,101 W Lincoln Hwy,Merrillville,IN,46410,41.4957,-87.3509,5373783.39,7658511.538,7917107.27,7790931.634
74,Yes,Yes,No,1379,92838,0.596114059,0.959936238,0.275480151,0.5725308,0.51200896,0.902849795,asian,0.235248533,0.656003685,0.544839255,0.076084111,0.64324422,0.009243796,Tennessee-Farragut,Farragut At Home,11501 Parkside Dr,Farragut,TN,37934,35.899616,-84.169956,#N/A,6278643.72,11418952.12,9198768.629
75,Yes,Yes,Yes,410,34298,6.784479457,0.938623683,0.215637782,0.682773709,0.486540474,0.902596785,black,0.164464993,0.680058224,0.364086616,0.028028246,0.391377112,0.00767425,Indiana-Bloomington,Bloomington At Home,3175 W 3rd St,Bloomington,IN,47404,39.195,-86.5757,#N/A,#N/A,4771408.493,4690787.89
76,Yes,Yes,Yes,4094,46939,1.784401652,0.955531453,0.249224159,0.587172754,0.514734357,0.797432429,other,0.2116282,0.622970495,0.492457389,0.008756353,0.285172401,-0.00029563,Wisconsin-Greenfield,Greenfield At Home,4601 S 27th St,Greenfield,WI,53221,42.95751,-87.951642,7685200.715,7063444.44,7221716.15,6657743.275
77,Yes,Yes,Yes,304,47822,1.744198089,0.929406628,0.271465328,0.601506412,0.513175914,0.851931776,black,0.182553769,0.647702407,0.46364414,0.023353487,0.336374356,0.004151303,Kentucky-Elizabethtown,Elizabethtown At Home,1811 North Dixie Hwy,Elizabethtown,KY,42701,37.6848,-85.8784,5976307.224,6421961.592,6374672.338,5536379.88
78,Yes,Yes,Yes,3768,58813,1.048074162,0.949588382,0.249222858,0.609164524,0.513144261,0.798441877,black,0.209916228,0.675117505,0.578023917,0.023142217,0.283421272,-0.001040608,Illinois-Crestwood,Crestwood At Home,13180 S Cicero Avenue,Crestwood,IL,60445,41.635,-87.7362,#N/A,#N/A,3941911.008,8219612.246
79,Yes,Yes,Yes,4543,52390,2.403891078,0.947565543,0.252573018,0.613033976,0.539797338,0.701331214,black,0.183884298,0.71446402,0.515739581,0.020061845,0.453144845,-0.00029563,Wisconsin-Wauwatosa,Wauwatosa At Home,3201 N Mayfair Rd,Wauwatosa,WI,53222,43.076969,-88.049732,7376669.996,7221397.291,6942684.038,5783948.885
80,Yes,Yes,Yes,4164,93308,0.742443254,0.95068037,0.295917707,0.560026741,0.516680684,0.891828945,asian,0.239702863,0.69038926,0.513079338,0.043878632,0.62384128,0.00060324,Illinois-Elmhurst,Elmhurst At Home,265 Illinois 83,Elmhurst,IL,60126,41.892644,-87.962228,#N/A,3830946.797,9041851.382,7895323.166
81,Yes,Yes,Yes,5463,73261,9.513751035,0.935818782,0.239116145,0.627749406,0.527279163,0.686656217,asian,0.158850227,0.708057634,0.612074586,0.034222397,0.499580302,-0.001040608,Illinois-Schaumburg West,Schaumburg West At Home,101 Barrington Rd,Schaumburg,IL,60194,42.0336,-88.1115,#N/A,#N/A,2606220.187,5768962.776
82,Yes,Yes,No,1599,41666,7.362598572,0.913699952,0.241024408,0.630924612,0.537068655,0.490633642,black,0.134575788,0.668853286,0.388698729,0.017818691,0.442624209,0.000776436,Georgia-Augusta,Augusta At Home,1323 Augusta West Parkway,Augusta,GA,30909,33.469062,-82.089422,#N/A,6505659.374,6351637.205,6213076.358
83,Yes,Yes,Yes,1712,48878,3.138303537,0.941307953,0.25466776,0.618736669,0.50828548,0.871107465,asian,0.174186136,0.725237145,0.49830639,0.03675507,0.383468052,0.006712222,Wisconsin-Grand Chute,Grand Chute  At Home,3820 W Wisconsin Ave,Grand Chute,WI,54914,44.2638,-88.4753,#N/A,#N/A,4229264.894,6391244.074
84,Yes,Yes,Yes,4271,71624,4.70481801,0.940967877,0.321395606,0.631398507,0.51652206,0.635987236,black,0.041454223,0.79663625,0.623726511,0.034947854,0.523944137,0.00060324,Illinois-Aurora,Aurora At Home,956 N Route 59,Aurora,IL,60504,41.7716,-88.208821,7327654.014,7524340.574,7308794.635,6476227.301
85,Yes,Yes,Yes,2563,85570,0.564304516,0.965635739,0.338945044,0.608686653,0.502777107,0.867112844,asian,0.077873142,0.765539804,0.646999292,0.04839039,0.405232718,-0.000480866,Illinois-Lake in the Hills,Lake in the Hills At Home,101 Randall Rd,Lake in the Hills,IL,60156,42.1947,-88.3665,#N/A,#N/A,6617164.766,4525191.634
86,Yes,Yes,Yes,1855,103401,0.823572665,0.950282054,0.322912655,0.582671101,0.508909505,0.945177665,asian,0.150316933,0.714050644,0.487758378,0.097925496,0.672448547,0.003470757,Illinois-Geneva,Geneva At Home,2100 South Randall Road,Geneva,IL,60134,41.886,-88.311,#N/A,7016622.869,7217574.192,5476897.267
87,Yes,Yes,Yes,1320,39623,0,0.890493697,0.219465507,0.668017402,0.535835923,0.666426352,black,0.130875848,0.646626704,0.367944961,0.037094441,0.512468214,0.009969252,Georgia-Athens,Athens At Home,2656 Atlanta Hwy,Athens,GA,30606,33.9396,-83.4288,#N/A,#N/A,4804782.278,5937483.802
88,Yes,Yes,No,1138,63843,4.89778688,0.911383455,0.321205016,0.592267369,0.508371856,0.706398885,black,0.123028187,0.693376068,0.535434136,0.057799274,0.367533234,0.016510403,Georgia-Buford,Buford At Home,1605 Buford Hwy,Buford,GA,30518,34.09757,-84.010072,9483031.06,10483734.02,10710572.86,9238081.248
89,Yes,Yes,No,748,64533,1.665394222,0.909731544,0.285660217,0.644509628,0.51000615,0.637507688,black,0.082749293,0.722930129,0.57751024,0.037301301,0.472174658,0.009536599,Georgia-Pooler,Pooler At Home,300 Tanger Outlet Blvd,Pooler,GA,31322,32.1149,-81.252,#N/A,3785492.75,10610053.42,9840070.267
90,Yes,Yes,No,1965,49105,7.151706294,0.943488372,0.216809738,0.687037289,0.509469955,0.769655266,black,0.135173774,0.769023012,0.476814467,0.02703356,0.51905787,0.012421698,Wisconsin-Madison East,Madison East At Home,2201 Zeier Rd,Madison,WI,53704,43.1369,-89.3474,#N/A,#N/A,2452094.093,5685795.101
91,Yes,Yes,Yes,1166,41922,9.986667942,0.914142484,0.226878025,0.604219783,0.532867753,0.841665743,black,0.156252414,0.69619902,0.429399453,0.023306469,0.383417392,0.000992526,Indiana-Evansville,Evansville At Home,101 N Green River Rd.,Evansville,IN,47715,37.977241,-87.494677,#N/A,5216428.814,7099479.518,5498799.235
92,Yes,Yes,Yes,2398,38998,0.876475823,0.909994212,0.215693762,0.607560498,0.526943821,0.837859768,black,0.196332026,0.653931664,0.416892551,0.04513088,0.261767467,0.009697348,Tennessee-Chattanooga,Chattanooga At Home,482 McBrien Rd,East Ridge,TN,37412,35.003258,-85.226044,8201875.219,8844275.995,9036876.211,7916875.373
93,Yes,Yes,No,1948,67018,2.163135083,0.923461854,0.299785219,0.585292071,0.521462928,0.59920743,black,0.149240473,0.636194169,0.560649051,0.046074283,0.475608158,0.016510403,Georgia-Snellville,Snellville At Home,2420 Wisteria Dr SW,Snellville,GA,30078,33.857443,-84.009508,7991578.449,8491346.453,8569260.418,8643629.088
94,Yes,Yes,Yes,2823,67647,11.05480517,0.943210803,0.236950188,0.700108822,0.511882613,0.773545828,asian,0.059572099,0.844636459,0.589417587,0.039354839,0.658005444,0.012421698,Wisconsin-Madison West,Madison West At Home,7050 Watts Rd,Madison,WI,53719,43.0321,-89.4993,#N/A,#N/A,8341750.526,5386713.134
95,Yes,Yes,Yes,4473,35037,1.356599523,0.860765992,0.336638489,0.632265562,0.475192592,0.336169894,other,0.04342121,0.726410005,0.366565452,0.023583986,0.246029359,0.016510403,Georgia-Norcross,Norcross At Home,1887 Willow Trail Pkwy NW,Norcross,GA,30093,33.928495,-84.172719,8072843.941,8982743.458,9114396.509,8750206.699
96,Yes,Yes,Yes,415,72168,0.772272996,0.944320589,0.282568926,0.610765555,0.508598239,0.900953447,black,0.193354188,0.719233584,0.637403689,0.06080163,0.418221057,0.026150601,Tennessee-Mt. Juliet,Mt. Juliet  At Home,535 Pleasant Grove Rd,Mount  Juliet,TN,37122,36.1897,-86.5023,#N/A,#N/A,#N/A,#N/A
97,Yes,Yes,Yes,2315,59758,1.271969793,0.934813578,0.290094159,0.641104647,0.519310266,0.685696241,black,0.076458224,0.774231077,0.547432828,0.049931353,0.485880317,0.010906414,Georgia-Kennesaw,Kennesaw At Home,2875 George Busbee Pkwy NW,Kennesaw,GA,30144,34.023231,-84.569042,15431128.19,16849124.11,17036588.91,14388649.46
98,Yes,Yes,Yes,976,43625,17.2280974,0.902990798,0.238627069,0.679668331,0.490058381,0.609386017,black,0.126893135,0.71011602,0.414208132,0.047480403,0.389341564,0.011251949,Tennessee-Nashville West,Nashville West At Home,3701 Annex Ave,Nashville,TN,37209,36.141004,-86.883111,9931451.213,10850819.57,11120074.3,8572427.554
99,Yes,Yes,Yes,941,53818,0.677056658,0.923777583,0.305866344,0.611203508,0.522936196,0.461203508,black,0.111803292,0.67254513,0.521923985,0.037105371,0.343473111,0.015073505,Georgia-Stockbridge,Stockbridge At Home,5000 Mt Zion Pkwy,Stockbridge,GA,30281,33.546957,-84.282796,12595446.65,13307221.3,12854407.8,13221403.17
100,Yes,Yes,No,269,73043,2.403076082,0.943341121,0.291159234,0.594725467,0.513716281,0.860052371,black,0.192344498,0.722823127,0.486913214,0.067788244,0.552270047,0.029120161,Tennessee-Franklin,Franklin At Home,209 S Royal Oaks Blvd,Franklin,TN,37064,35.914351,-86.832787,11448789.24,11807763.38,12067619.43,9504832.666
101,Yes,Yes,Yes,486,44843,3.854768863,0.904927096,0.310479922,0.617175674,0.515047636,0.684622919,black,0.124887691,0.67551719,0.471424233,0.026794011,0.310672149,0.021199413,Tennessee-Clarksville,Clarksville At Home,2780 Wilma Rudolph Blvd,Clarksville,TN,37040,36.522,-87.349,7090017.494,7954755.653,7798052.678,7232086.238
102,Yes,Yes,No,739,60035,1.48469817,0.919125683,0.317111384,0.599932162,0.519317741,0.565916139,black,0.116956005,0.684357302,0.582032003,0.056132092,0.34671785,0.011051633,Georgia-Douglasville,Douglasville At Home,7400 Douglas Blvd,Douglasville,GA,30135,33.725769,-84.765915,9066496.324,9244435.032,9020049.062,9108027.403
103,Yes,Yes,Yes,1431,32445,3.953818687,0.871584268,0.292519671,0.585003738,0.525260797,0.494641649,black,0.178416093,0.568706302,0.36800587,0.015151515,0.190201887,0.012921331,Georgia-Warner Robins,Warner Robins At Home,2063 Watson Blvd,Warner Robins,GA,31093,32.616774,-83.653755,#N/A,#N/A,#N/A,#N/A
104,Yes,Yes,No,745,73826,2.117505255,0.925825056,0.306751175,0.599249519,0.519408444,0.767855454,black,0.102699429,0.704263245,0.607264376,0.056313665,0.462941517,0.016712659,Georgia-Newnan,Newnan At Home,361 Newnan Crossing Bypass,Newnan,GA,30265,33.3958,-84.7121,#N/A,2497157.741,8607180.139,7989594.062
105,Yes,Yes,Yes,2874,25749,16.83520329,0.880322209,0.256895193,0.652285264,0.509587602,0.28119254,black,0.088162672,0.667708421,0.261183261,0.014113873,0.290278298,0.011618911,Alabama-Huntsville,Huntsville At Home,1401 Memorial Pkwy NW,Huntsville,AL,35816,34.747417,-86.603246,7293928.339,8002360.109,8698868.035,8332970.486
106,Yes,Yes,No,1160,75903,1.892090435,0.934995687,0.296701544,0.610214368,0.513142784,0.789555953,black,0.142737336,0.695112875,0.543115973,0.030699413,0.547458545,-0.0044611,Illinois-O'Fallon,O'Fallon At Home,1287 Central Park Dr,O'Fallon,IL,62269,38.586065,-89.941936,#N/A,#N/A,#N/A,#N/A
107,Yes,Yes,Yes,1932,58447,8.366509391,0.937495943,0.272251755,0.615714814,0.525286409,0.716945732,black,0.126834672,0.711708696,0.563783669,0.018652789,0.442484461,0.002787651,Georgia-Columbus,Columbus At Home,3131 Manchester Expy,Columbus,GA,31909,32.508168,-84.942462,7481912.1,6092596.325,5757620.731,5207071.723
108,Yes,Yes,Yes,2371,52800,0.299797773,0.916887601,0.261793422,0.595683453,0.518550874,0.726413155,black,0.160446507,0.650296918,0.524171981,0.024499255,0.326954047,0.01520025,Florida-Orange Park,Orange Park At Home,1919 Wells Rd,Orange Park,FL,32073,30.189285,-81.735458,12275098.7,12258447.81,11751057,10726284.56
109,Yes,Yes,Yes,1389,49336,1.065140099,0.919191919,0.264678711,0.600749333,0.541880517,0.495329501,black,0.143362385,0.707911392,0.529032258,0.012683314,0.329807139,6.09E-05,Alabama-Trussville,Trussville At Home,5036 Pinnacle Square,Trussville,AL,35235,33.606281,-86.640519,4896069.422,7265699.021,7337760.134,6450018.768
110,Yes,Yes,Yes,2520,85133,0.035168889,0.955826814,0.265303877,0.559440944,0.521446062,0.906649792,asian,0.220913004,0.698361897,0.544384716,0.068636162,0.631398774,-0.000515811,Missouri-Ballwin,Town And Country - Ballwin At Home,13907 Manchester Road,Town and Country,MO,63011,38.600503,-90.485725,#N/A,#N/A,#N/A,#N/A
111,Yes,Yes,Yes,1744,70132,0.139874642,0.952707373,0.282657964,0.615832653,0.507773547,0.94798749,asian,0.22032771,0.725469453,0.536060812,0.034689824,0.41938326,-0.000515811,Missouri-Fenton,Fenton At Home,665 Gravois Bluffs Blvd,Fenton,MO,63026,38.51001,-90.441019,10329866.2,10675805.27,10735855.07,8524758.125
112,Yes,Yes,Yes,672,66352,1.106539034,0.958047077,0.297303736,0.591857066,0.510427721,0.915755279,black,0.151178511,0.755619934,0.611630559,0.037175476,0.3675378,0.011783519,Missouri-O'Fallon,O'Fallon At Home,20 O'Fallon Square,O'Fallon,MO,63366,38.80131,-90.701856,8192194.848,8897396.832,9366166.483,8308102.046
113,Yes,Yes,No,1758,83644,3.937296914,0.94587024,0.254361158,0.600394014,0.521210003,0.837278765,black,0.210661117,0.715249067,0.562717911,0.041314971,0.672254858,6.09E-05,Alabama-Hoover,Hoover At Home,5501 Grove Blvd,Hoover,AL,35226,33.361415,-86.849728,7549331.524,9004223.693,9268893.936,8366741.482
114,Yes,Yes,No,2129,40561,5.237312483,0.947027992,0.254932399,0.584977466,0.519379069,0.85102654,black,0.219382949,0.667203369,0.441822995,0.012329325,0.274138325,6.63E-05,Iowa-Waterloo,Waterloo At Home,2060 Crossroads Blvd #2001,Waterloo,IA,50702,42.462509,-92.322307,5115480.595,4741364.261,4681792.195,3642261.192
115,Yes,Yes,Yes,926,62260,5.205372513,0.930729748,0.254595369,0.640208483,0.517545954,0.510523594,black,0.108809284,0.709356826,0.530252708,0.018067342,0.529046643,-0.001469427,Alabama-Montgomery,Montgomery At Home,1500 Eastdale Mall,Montgomery,AL,36117,32.386262,-86.208156,6167703.142,5232813.235,4917968.035,4244686.891
116,No,Yes,Yes,1042,95621,2.828878194,0.94968409,0.309618937,0.626584182,0.51144907,0.818404434,asian,0.117092053,0.800528773,0.607981756,0.044507649,0.580703505,0.008266379,Minnesota-Blaine,Blaine At Home,4405 NE Pheasant Ridge Dr,Blaine,MN,55449,45.166771,-93.159032,9505440.036,9669183.898,9517589.453,8542307.563
117,Yes,Yes,Yes,2558,59679,6.959324731,0.944510035,0.266269219,0.638657044,0.506871666,0.787072482,black,0.1621875,0.743226601,0.497210915,0.045968798,0.45626325,0.008034637,Minnesota-Burnsville,Burnsville At Home,14230 Burnhaven Dr,Burnsville,MN,55306,44.744423,-93.297167,10153496.41,9850205.952,9456592.392,7974517.075
118,Yes,Yes,Yes,1838,75344,1.005697147,0.903163842,0.263192921,0.626457322,0.51908999,0.808188115,black,0.118291005,0.693032129,0.569704624,0.075673573,0.550950704,0.012202883,Florida-Lake Mary,Lake Mary At Home,3750 Flagg Ln,Lake Mary,FL,32746,28.7538,-81.36917,#N/A,8767360.598,8216825.227,6780389.976
119,Yes,Yes,Yes,3128,44823,0.084307527,0.92338108,0.239538527,0.680814699,0.483179034,0.749067084,black,0.113759392,0.644668657,0.445887446,0.034163884,0.423984132,0.021722573,Florida-Orlando,Orlando At Home,11100 E Colonial Dr,Orlando,FL,32817,28.56728,-81.220875,9504668.426,10513899.22,10234815.09,8731994.89
120,Yes,Yes,Yes,3351,34735,65.37046709,0.865311533,0.286743174,0.612900673,0.492402058,0.574000791,black,0.171892554,0.656860696,0.368438038,0.020673032,0.221696351,0.001042612,Tennessee-Memphis,Memphis At Home,5280 Summer Ave,Memphis,TN,38122,35.157021,-89.884944,11587119.12,12057555.61,11986936.11,10893936.57
121,Yes,Yes,Yes,1894,65465,2.067737797,0.924485929,0.311396957,0.629847856,0.530954357,0.17593361,black,0.056023685,0.738832803,0.637842591,0.031435721,0.397081154,0.001042612,Tennessee-Memphis South,Memphis South At Home,7697 Winchester Rd,Memphis,TN,38125,35.046764,-89.806829,6803905.569,7480151.395,7398751.262,7535873.995
122,Yes,Yes,Yes,1239,60312,1.144862961,0.883013849,0.271259668,0.567110923,0.517657724,0.772156538,black,0.175850428,0.633789155,0.55812244,0.042438173,0.387989331,0.023598301,Florida-Clermont,Clermont At Home,1002 E State Rd 50,Clermont,FL,34711,28.549674,-81.740884,#N/A,6565973.688,9047212.013,7468679.405
123,Yes,Yes,No,2736,32822,3.907065882,0.799525888,0.281375527,0.620921916,0.514009993,0.664666405,other,0.097843666,0.685078518,0.313285876,0.018149002,0.219815157,0.037501481,Florida-Kissimmee,Kissimmee At Home,3003 W Vine St,Kissimmee,FL,34741,28.306533,-81.432704,8549552.72,9113744.29,8763636.384,7684017.077
124,Yes,Yes,Yes,2009,90993,2.391509615,0.946554843,0.300297773,0.59968928,0.501488866,0.881343863,asian,0.153057679,0.778013895,0.485848267,0.043473247,0.659672999,0.014045265,Iowa-Clive,Clive At Home,10331 University Ave,Clive,IA,50325,41.601858,-93.759352,11224223.26,10421010.22,10396233.07,8782646.486
125,Yes,Yes,Yes,1221,55643,0.922090429,0.901092498,0.244830492,0.674855772,0.51144098,0.768198613,black,0.113158746,0.735390578,0.523912373,0.064857561,0.481342601,0.019837187,Florida-Lutz,Lutz At Home,2160 Grand Cypress Dr,Lutz,FL,33559,28.1801,-82.4169,#N/A,4171030.157,12993527.07,11123251.49
126,Yes,Yes,Yes,5152,39175,12.08180322,0.829200856,0.139766311,0.483647342,0.554257282,0.885838877,other,0.391524148,0.528559936,0.393394052,0.034496699,0.335948501,0.00691633,Florida-Clearwater,Clearwater At Home,25813 US Hwy 19 N,Clearwater,FL,33763,28.0033,-82.744,#N/A,#N/A,3415423.061,6362023.09
127,Yes,Yes,Yes,3580,40702,10.00592791,0.854470965,0.265321375,0.619083209,0.518186348,0.470935061,black,0.124452783,0.675195232,0.401405358,0.040639574,0.268122786,0.013760098,Florida-Palm Beach Gardens,Palm Beach Gardens At Home,100 Gander Way,Palm Beach Gardens,FL,33403,26.8035,-80.0756,#N/A,#N/A,9358874.942,8268224.357
128,Yes,Yes,No,2276,35750,1.887832122,0.809628009,0.186997992,0.458584337,0.527777778,0.81626506,other,0.482522523,0.424308137,0.3855468,0.029542921,0.271941489,0.024834403,Florida-Ellenton,Ellenton At Home,6126 US-301,Elllenton,FL,34222,27.5363,-82.505,#N/A,#N/A,4513313.635,8884163.693
129,Yes,Yes,Yes,2532,37009,7.077182057,0.904034301,0.238098704,0.617211384,0.520472412,0.885609259,black,0.146078558,0.702028509,0.373624979,0.027446343,0.340948063,0.006980329,Missouri-Springfield,Springfield At Home,3700 S Campbell Ave,Springfield,MO,65807,37.146351,-93.294632,11813809.96,11393082.42,11516337.16,10181893.74
130,Yes,Yes,Yes,586,78203,3.087406019,0.902640443,0.298335234,0.616419612,0.515484607,0.874982896,black,0.121945347,0.777024111,0.605547954,0.048709122,0.506255743,0.004556163,Missouri-Lee's Summit,Lee'S Summit At Home,601 N State Highway 291,Lee's Summit,MO,64086,38.922288,-94.359065,#N/A,#N/A,#N/A,#N/A
131,Yes,Yes,Yes,1970,72990,22.12455325,0.944521338,0.29418748,0.626272773,0.510022373,0.877448518,black,0.113200635,0.778901564,0.646663523,0.027067296,0.453557849,0.012935905,Missouri-Kansas City,Kansas City At Home,600 NE Barry Rd,Kansas City,MO,64155,39.2471,-94.57227,7852840.25,8072073.23,8332100.352,7374595.68
132,Yes,Yes,No,589,45438,8.578551798,0.915513653,0.265489366,0.600640191,0.52484809,0.673339844,black,0.189046409,0.656126885,0.400377842,0.043676506,0.439508958,-2.75E-05,Alabama-Mobile,Mobile At Home,312 Schillinger Rd,Mobile,AL,36608,30.685548,-88.227049,8115437.434,7444256.141,7386252.682,7007691.989
133,Yes,Yes,Yes,1997,56453,9.412001301,0.915313428,0.253844585,0.604119927,0.52367938,0.577523965,black,0.191625334,0.712419988,0.476847291,0.040287421,0.602018139,-0.006409012,Mississippi-Jackson,Jackson At Home,6360 Ridgewood Court Dr,Jackson,MS,39211,32.395293,-90.13798,7771019.437,7690360.968,7735906.613,7761178.901
134,Yes,Yes,No,1558,82333,1.955442994,0.957092433,0.331080082,0.605018075,0.503742726,0.848369193,black,0.083515808,0.809463145,0.609518781,0.060966579,0.582535427,0.011055109,Kansas-Olathe,Olathe At Home,2000 E Santa Fe St,Olathe,KS,66062,38.885016,-94.783134,9517242.888,10096915.16,9984701.635,7974796.032
135,Yes,Yes,Yes,2829,63415,11.50155444,0.945729791,0.241027809,0.653560691,0.539317926,0.661264562,black,0.105204873,0.73056121,0.522519509,0.015216613,0.612194789,0.002409741,Arkansas-Little Rock,Little Rock At Home,11801 Chenal Pkwy,Little Rock,AR,72211,34.74786,-92.405495,13060681.52,12960539.16,12945571.29,12450369.5
136,No,Yes,No,1466,40969,3.449243394,0.93531051,0.277580071,0.605179913,0.509009772,0.887815624,other,0.171171171,0.701831284,0.433316448,0.026539021,0.189058693,-0.000182817,Iowa-Council Bluffs,Council Bluffs At Home,3271 Marketplace Dr.,Council Bluffs,IA,51501,41.228526,-95.87854,#N/A,4313221.762,5391755.698,4605651.936
137,Yes,Yes,Yes,427,54592,10.06568474,0.897180763,0.271471247,0.601781713,0.524618585,0.71604609,black,0.200554529,0.720112334,0.478595782,0.026925681,0.546095638,0.013591827,Mississippi-Hattiesburg,Hattiesburg At Home,1000 Turtle Creek Dr,Hattiesburg,MS,39402,31.326189,-89.377302,5562508.061,6122390.976,6282710.683,5707126.973
138,Yes,Yes,No,3240,58482,20.71154243,0.960960093,0.255313003,0.59055833,0.511575125,0.90834812,black,0.215568262,0.748841758,0.540316954,0.042339751,0.488970588,0.010823187,Nebraska-Omaha,Omaha At Home,12990 W Center Rd,Omaha,NE,68144,41.235511,-96.11593,15162493.07,14085306.21,14120351.08,12221077.91
139,Yes,Yes,No,3192,52255,11.71724121,0.939912455,0.234057841,0.599425184,0.517873181,0.914181786,native american,0.225444539,0.732423058,0.472824896,0.031599133,0.469306659,0.014314692,South Dakota-Sioux Falls,Sioux Falls At Home,1601 W 41st St,Sioux Falls,SD,57105,43.5206,-96.7354,#N/A,#N/A,#N/A,8261033.933
140,Yes,Yes,No,1101,61539,2.171390163,0.896852078,0.329262102,0.5801953,0.507689551,0.781318123,other,0.125149088,0.713509765,0.515777204,0.040993346,0.387687503,0.025477853,Arkansas-Rogers,Rogers At Home,3551 S 27th St,Rogers,AR,72758,36.288537,-94.158151,3370195.843,12660419.7,12181128.49,10891744.55
141,Yes,Yes,No,375,46853,2.668934527,0.877130379,0.289721689,0.612880443,0.503299565,0.682204419,black,0.194850932,0.673246206,0.464733907,0.024652517,0.300443673,0.011427959,Mississippi-Gulfport,Gulf Port At Home,15065 Creosote Rd,Gulfport,MS,39503,30.426437,-89.089031,6141457.164,6200858.131,6239891.65,5864318.266
142,No,Yes,Yes,1283,72409,23.60890122,0.963080169,0.294364868,0.623037996,0.506475684,0.906853075,asian,0.133187295,0.81303275,0.547886109,0.044380924,0.611684747,0.012179249,Nebraska-Lincoln,Lincoln  At Home,6845 S 27th St,Lincoln,NE,68512,40.7388,-96.7076,#N/A,#N/A,4136064.178,7539131.506
143,No,Yes,Yes,603,43944,3.781543862,0.913282233,0.28570782,0.605267922,0.504661477,0.64916727,black,0.24301641,0.655569933,0.424905183,0.012298072,0.261612995,0.011698352,Louisiana-Slidell,Slidell At Home,150 North Shore Blvd,Slidell,LA,70460,30.309443,-89.823169,6031072.842,5630851.973,5393896.085,5112034.373
144,Yes,Yes,Yes,6365,53282,2.181042603,0.879957767,0.248356679,0.627729087,0.509977307,0.670924955,black,0.20157546,0.684060998,0.466343877,0.026024697,0.315377738,-2.63E-05,Louisiana-Kenner,Kenner At Home,1000 W Esplanade Blvd,Kenner,LA,70065,30.022847,-90.252695,9417829.836,9388116.374,9199868.99,8820414.835
145,Yes,Yes,No,3051,33764,35.31500489,0.93530737,0.349528971,0.582462253,0.493934701,0.461091754,other,0.103922918,0.712086602,0.338520688,0.023092216,0.185444281,0.008286311,Oklahoma-Tulsa,Tulsa At Home,11015 E 51st St,Tulsa,OK,74146,36.090611,-95.854295,15536354.7,15544408.09,15363978.44,13022039.1
146,Yes,Yes,No,2685,45938,19.6721187,0.920071048,0.277448291,0.625991549,0.511157239,0.593891319,black,0.13039663,0.741782938,0.467864235,0.025443275,0.332883227,0.003711516,Kansas-Wichita,Wichita At Home,301 S Towne East Mall Dr,Wichita,KS,67207,37.66165,-97.232915,7388572.075,7620056.381,8065956.744,7191470.794
147,Yes,Yes,No,2382,57798,13.61121407,0.950094078,0.213539051,0.632218013,0.522618341,0.835532022,black,0.180026405,0.730160451,0.549947524,0.043220746,0.519261793,-0.006857454,Louisiana-Shreveport,Shreveport At Home,1376 East 70th St,Shreveport,LA,71105,32.44341,-93.732841,4217035.411,8305328.045,8202657.398,7898882.688
148,Yes,Yes,Yes,1395,69131,7.945286322,0.917819468,0.26199368,0.635650675,0.513731686,0.842889974,black,0.193943565,0.757302329,0.515379873,0.034938174,0.487901875,0.010589627,Louisiana-Lafayette,Lafayette At Home,4210 Ambassador Caffery Pkwy,Lafayette,LA,70508,30.162478,-92.056538,10360722.96,10295759.62,10790683.8,9594125.525
149,Yes,Yes,No,2390,55697,0.904662644,0.948978154,0.302295681,0.613237432,0.509857265,0.785301681,two or more,0.134561117,0.7400978,0.581616403,0.021562337,0.305936472,0.011147228,Oklahoma-Moore,Moore At Home,621 SW 19th St,Moore,OK,73160,35.320068,-97.50357,10029908.42,10142603.44,10370653.06,8872936.618
150,Yes,Yes,Yes,685,52011,6.575614766,0.914147385,0.248668138,0.595113814,0.526152935,0.791045579,black,0.186414583,0.673864433,0.43785257,0.04879951,0.503143889,0.011278585,Texas-Tyler,Tyler At Home,3900 Troup Hwy,Tyler,TX,75703,32.307075,-95.269199,#N/A,#N/A,#N/A,#N/A
151,Yes,Yes,Yes,636,59679,178.5773523,0.928180158,0.30047619,0.599761905,0.506190476,0.671904762,asian,0.246557377,0.764575412,0.546357616,0.020892688,0.329598844,0.027321966,Oklahoma-Oklahoma City,Oklahoma City At Home,701 S MacArthur Blvd,Oklahoma City,OK,73128,35.458639,-97.620831,15169413.5,16082901.23,16195646.79,13153553.81
152,Yes,Yes,Yes,3795,54664,4.631111275,0.946288096,0.331229169,0.588896744,0.508180992,0.564134936,other,0.163290024,0.720828667,0.542656014,0.030981542,0.264502235,0.011740481,Texas-Garland,Garland  At Home,3002 Firewheel Pkwy,Garland,TX,75040,32.94566,-96.611129,#N/A,5091416.885,11851900.53,9391512.37
153,Yes,Yes,Yes,2702,54518,9.108567592,0.947000437,0.305477119,0.614091704,0.492201156,0.607816772,other,0.1313118,0.737427286,0.499056297,0.05112633,0.374945055,0.030788759,Texas-Plano-East,Plano East At Home,2704 Central Expy,Plano,TX,75074,33.03348,-96.703557,15059280.78,13495583.76,10433803.22,8327902.219
154,Yes,Yes,Yes,2852,88707,11.27785186,0.945671568,0.266849802,0.683925747,0.512139627,0.593107467,asian,0.073259597,0.758515795,0.545391502,0.089404603,0.723633564,0.030788759,Texas-Plano West,Plano West At Home,5540 State Highway 121,Plano,TX,75024,33.093982,-96.809177,#N/A,9464761.757,15194987.99,12965776.43
155,Yes,Yes,Yes,4608,45999,3.701852585,0.920184062,0.304750553,0.595028095,0.524587093,0.612906521,black,0.13429104,0.72253923,0.46925115,0.026984914,0.268831024,0.011740481,Texas-Mesquite,Mesquite At Home,2727 Towne Centre Dr,Mesquite,TX,75150,32.804335,-96.623504,12684187.2,12320284.84,10556781.75,9407271.845
156,Yes,Yes,Yes,2877,72735,3.955249691,0.924463379,0.244610282,0.612920247,0.506105834,0.713854968,other,0.185572492,0.706007788,0.493261921,0.058613295,0.597445406,0.011740481,Texas-Farmers Branch,Farmers Branch At Home,13307 Midway Rd,Farmers Branch,TX,75244,32.927046,-96.841254,10487183.15,11843503.23,11860841.95,9384645.01
157,Yes,Yes,Yes,4588,56555,3.105668408,0.94075223,0.281214129,0.663687646,0.506887278,0.623462661,other,0.057414887,0.815681958,0.569277604,0.034567396,0.396562618,0.032251705,Texas-Lewisville,Lewisville At Home,2512 S Stemmons Fwy,Lewisville,TX,75067,33.003996,-96.962453,15084063.79,14536290.66,12664158.08,10071410.33
158,Yes,Yes,Yes,3402,66744,2.202385441,0.955623872,0.33919502,0.606375567,0.514371432,0.478841746,black,0.102035107,0.751329685,0.617215334,0.020619731,0.358712058,0.011740481,Texas-Grand Prairie,Grand Prairie At Home,2650 W Interstate 20,Grand Prairie,TX,75052,32.678657,-97.048667,13196677.03,12511879.11,10351602.89,9597067.747
159,Yes,Yes,Yes,3552,52086,3.022646643,0.923764737,0.254036598,0.603067815,0.516056692,0.801070446,other,0.159819316,0.699424099,0.517302053,0.019697057,0.355045097,0.016323422,Texas-N. Richland Hills,North Richland Hills At Home,8651 Airport Fwy,North Richland Hills,TX,76180,32.837012,-97.199612,#N/A,#N/A,#N/A,#N/A
160,Yes,Yes,Yes,339,81755,183.0341254,0.828989483,0.303823349,0.663259047,0.501124514,0.751584543,black,0.04743519,0.846322722,0.75499002,0.021276596,0.510240964,0.016323422,Texas-Alliance,Fort Worth North At Home,2201 Porter Creek Dr,Fort Worth,TX,76177,32.900174,-97.327426,12881768.91,13436064.39,13946247.43,12212851.41
161,Yes,Yes,Yes,1184,92052,0.822066474,0.954878224,0.341373185,0.590277212,0.507129936,0.739785857,black,0.128733213,0.745351194,0.594385,0.038996215,0.473384475,0.016323422,Texas-Mansfield,Mansfield At Home,602 U.S. Hwy 287,Mansfield,TX,76063,32.5773,-97.1416,#N/A,3462513.696,9805740.998,8577201.182
162,Yes,Yes,Yes,3373,49437,27.7295858,0.927878469,0.222186248,0.637905217,0.537213161,0.687806063,black,0.104230832,0.708319086,0.397989787,0.032089213,0.528924649,0.016323422,Texas-Fort Worth,Fort Worth At Home,5608 SW Loop 820,Fort Worth,TX,76132,32.686327,-97.409323,14316971.4,14359656.69,14080898.16,11479641.85
163,Yes,Yes,Yes,678,80032,11.08092161,0.940461291,0.219785781,0.599645779,0.51598212,0.877456355,asian,0.210646388,0.685082335,0.583364911,0.05108055,0.516518764,0.031569413,Texas-Conroe,Woodlands At Home,16778 I-45 South,Conroe,TX,77384,30.2349,-95.4953,17538894.28,19070456.3,18816776.6,14308467.02
164,Yes,Yes,No,1283,48046,5.744418733,0.903433971,0.332312855,0.602513909,0.516734862,0.458420417,black,0.105527211,0.712957605,0.487833333,0.011949169,0.252148317,0.015422964,Texas-Humble,Humble At Home,9450 FM 1960 Bypass Rd West,Humble,TX,77338,30.0038,-95.284121,11632721.5,12584834.99,11959438.28,10935868.8
165,Yes,Yes,No,2198,46546,9.784612614,0.915810869,0.246175738,0.610967119,0.521420948,0.838085074,black,0.217965191,0.705098817,0.442739792,0.029587661,0.421048287,0.000384675,Texas-Wichita Falls,Wichita Falls At Home,3111 Midwestern Pkwy #200,Wichita Falls,TX,76308,33.86883,-98.532798,4753529.251,4462264.598,4235840.352,3495746.707
166,Yes,Yes,Yes,614,39611,3.086127957,0.945249513,0.28240762,0.594864479,0.50032212,0.750632737,native american,0.173486453,0.709857151,0.393986078,0.027173638,0.295927861,0.013057698,South Dakota-Rapid City,Rapid City At Home,2200 N Maple Ave,Rapid City,SD,57701,44.107309,-103.212728,4859955.186,4745233.325,4972202.539,4010838.955
167,Yes,Yes,Yes,3114,62610,74.02329601,0.937599315,0.308678867,0.631797064,0.50241019,0.540646062,asian,0.132585881,0.725837758,0.574242621,0.024623159,0.357856494,0.015422964,Texas-Willowbrook,Willowbrook At Home,12605 N Gessner Dr,Houston,TX,77064,29.956516,-95.547769,13912284.28,14434787.36,13427427.23,10094224.78
168,Yes,Yes,Yes,1905,46682,2.838490688,0.887838742,0.245847608,0.687670758,0.499110976,0.627303873,black,0.051530853,0.783828474,0.484401817,0.004819848,0.340232769,0.015422964,Texas-Webster,Webster At Home,20780 Gulf Fwy,Webster,TX,77598,29.525183,-95.130971,16712759.4,18329302.94,17249252,13595001.19
169,Yes,Yes,Yes,1883,96695,0,0.961970991,0.336377726,0.599108823,0.507361895,0.783848112,black,0.139871117,0.751413381,0.541811414,0.06364351,0.509515134,0.015422964,Texas-Cypress,Cypress At Home,24340 Northwest Freeway,Cypress,TX,77429,29.991,-95.6588,#N/A,#N/A,6997114.08,8654487.293
170,Yes,Yes,No,2188,94103,1.043763832,0.941947268,0.327162955,0.603648118,0.513783676,0.546007291,black,0.134305708,0.764915621,0.549810994,0.029566378,0.615209675,0.019551569,Texas-Pearland,Pearland At Home,3000 Kirby Dr,Pearland,TX,77584,29.554299,-95.397856,3746032.805,10572650.11,9400461.653,8763458.573
171,Yes,Yes,Yes,332,70400,2.647640762,0.948278564,0.281131227,0.636744452,0.50030651,0.836119171,asian,0.172001543,0.776605678,0.487952777,0.042457806,0.619290565,0.01776515,Texas-College Station,College Station At Home,2301 Earl Rudder Fwy,College Station,TX,77845,30.5118,-96.3171,#N/A,2977684.387,7356545.194,5966901.432
172,Yes,Yes,Yes,754,146518,18.76745011,0.91690185,0.29324547,0.631089668,0.503647917,0.742645328,asian,0.227770178,0.677163037,0.400131622,0.071428571,0.807834182,0.015422964,Texas-Katy,Katy At Home,19420 Katy Fwy.,Houston,TX,77094,29.787269,-95.710236,#N/A,#N/A,#N/A,#N/A
173,Yes,Yes,Yes,2254,123935,1.293610223,0.963811049,0.314128889,0.610126956,0.510306788,0.517298763,asian,0.181010135,0.69404409,0.478016529,0.061915125,0.654301484,0.036062142,Texas-Sugar Land,Sugar Land At Home,16960 Southwest Fwy,Sugar Land,TX,77479,29.59042,-95.638754,11700825,10477547.07,10218295.38,8298432.245
174,Yes,Yes,Yes,519,110294,1.352178758,0.960432604,0.28148566,0.640401401,0.471795024,0.783474853,black,0.160120846,0.663710354,0.538866691,0.053924832,0.493854515,0.036062142,Texas-Richmond,Richmond At Home,4833 Waterview Meadow Dr,Richmond,TX,77406,29.661985,-95.723816,3710485.325,10192838.89,9399731.155,8176519.8
175,Yes,Yes,Yes,1519,76007,0.408123659,0.95394572,0.337364986,0.610562735,0.512058614,0.614284261,black,0.078609883,0.78002689,0.645069727,0.041368209,0.461253978,0.023857614,Texas-Pflugerville,Pflugerville At Home,19000 Limestone Commercial Dr,Pflugerville,TX,78660,30.471821,-97.597122,12307343.18,13046667.64,13088817.3,10800449.21
176,Yes,Yes,Yes,2318,81928,0.782091989,0.956426202,0.335458302,0.600009217,0.510990952,0.825281494,asian,0.087129915,0.75355775,0.61831505,0.094840782,0.544898963,0.036886112,Texas-Cedar Park,Cedar Park At Home,4801 183A Toll Rd,Cedar Park,TX,78613,30.52944,-97.819519,14719949.08,15121587.73,15344716.98,12049680.69
177,No,Yes,Yes,785,79984,55.51736634,0.928948759,0.237740996,0.631702932,0.516644969,0.838509702,asian,0.138185954,0.691572419,0.45674692,0.119467985,0.715882549,0.023857614,Texas-South Austin,Austin At Home,5151 US Hwy 290,Austin,TX,78735,30.234784,-97.830956,13378560.28,14866786.68,14824264.45,10512005.67
178,Yes,Yes,Yes,473,30235,3.48279931,0.897909253,0.34199535,0.575993251,0.497191531,0.727485958,other,0.124845182,0.659044153,0.326222555,0.04341412,0.227722374,0.027510329,Colorado-Greeley,Greeley At Home,1840 Greeley Mall,Greeley,CO,80631,40.391035,-104.708803,5693507.672,5441250.341,5359726.469,4070381.616
179,Yes,Yes,Yes,645,54672,2.061069477,0.900086452,0.291875189,0.57419474,0.51612199,0.862358513,other,0.20856202,0.705130995,0.534535634,0.046628683,0.319854336,0.04052024,Texas-New Braunfels,New Braunfels At Home,642 S Walnut Ave,New Braunfels,TX,78130,29.687395,-98.128226,8865604.629,8967043.267,8624441.592,6885751.622
180,Yes,Yes,Yes,3328,54399,0.174578809,0.941054809,0.287508579,0.605444978,0.515831617,0.708350492,black,0.165323565,0.679796624,0.576029731,0.016771288,0.303894849,0.016918234,Texas-Live Oak,Live Oak At Home,7613 N Loop 1604 E,Live Oak,TX,78233,29.576637,-98.337827,13597489.95,13743367.92,12782664.4,10699581.96
181,Yes,Yes,Yes,341,77631,3.287457583,0.945915451,0.268510173,0.604687098,0.50962529,0.890870461,asian,0.16333996,0.704975387,0.523828186,0.117110568,0.641090047,0.011231026,Colorado-Longmont,Longmont  At Home,955 S Hover St,Longmont,CO,80503,40.1559,-105.1624,#N/A,1404173.866,7631731.584,5789917.238
182,Yes,Yes,Yes,2372,77600,1.40358062,0.962800511,0.285315014,0.622090418,0.501397453,0.861726867,asian,0.125944294,0.769659161,0.593299832,0.072381482,0.501395291,0.025443789,Colorado-Broomfield,Broomfield At Home,1660 W Midway Blvd,Broomfield,CO,80020,39.920675,-105.088948,9249281.525,9888770.03,10741102.6,9511552.454
183,Yes,Yes,Yes,2817,41792,57.98545477,0.911978131,0.235825862,0.643330767,0.507462687,0.745051779,other,0.128017876,0.718969853,0.399780182,0.030100498,0.390868681,0.016918234,Texas-San Antonio,San Antonio Central At Home,8421 US Hwy 281,San Antonio,TX,78216,29.51508,-98.479311,10601857.64,11326052.02,10590682,8672279.414
184,Yes,Yes,Yes,4265,38976,18.52513511,0.922759677,0.249979015,0.593413358,0.511989703,0.755141442,other,0.152662495,0.642717202,0.410136712,0.033006244,0.313155668,0.015547285,Colorado-Colorado Springs,Colorado Springs At Home,335 N Academy Blvd,Colorado Springs,CO,80909,38.837755,-104.75506,6999498.534,6972381.288,7769100.514,7255854.13
185,Yes,Yes,No,2447,44005,99.29830344,0.93564656,0.279790763,0.607765586,0.522497236,0.735264098,other,0.159982751,0.701347192,0.454903179,0.012312336,0.267836886,0.016918234,Texas-San Antonio NW,San Antonio NW At Home,6840 NW Loop 410,San Antonio,TX,78238,29.460226,-98.622401,11504308.36,11819167.26,10803012.39,9512713.642
186,Yes,Yes,No,269,40221,22.18280336,0.904127358,0.287812041,0.605989092,0.506503042,0.792059996,other,0.196165384,0.78333457,0.390942573,0.016457341,0.35805501,0.011462214,Texas-Lubbock,Lubbock At Home,4304 W Loop 289,Lubbock,TX,79407,33.55461,-101.942654,11050032.86,11455001.64,11606628.2,10058951.09
187,Yes,Yes,No,5282,27854,27.90027244,0.922021661,0.303520763,0.532886252,0.52037658,0.736974465,other,0.412490211,0.539818418,0.287646708,0.018493284,0.075664827,0.00701607,Texas-Corpus Christi,Corpus Christi At Home,4949 Greenwood Dr,Corpus Christi,TX,78416,27.745848,-97.441811,8525127.948,9799952.371,9937138.608,8288933.011
188,Yes,Yes,No,3152,50828,3.663492666,0.954240503,0.226032987,0.568035392,0.533523752,0.924963491,native american,0.240157099,0.703114169,0.503260818,0.044783444,0.406989955,0.00931236,Montana-Billings,Billings At Home,905 S 24th St W,Billings,MT,59102,45.7757,-108.5802,#N/A,#N/A,#N/A,5748813.475
189,Yes,Yes,No,1233,56235,5.457487942,0.935075315,0.299544244,0.590613478,0.512366858,0.810451659,other,0.246235781,0.756262739,0.520563523,0.014865582,0.294964895,0.021803997,Texas-Odessa,Odessa At Home,4101 E 42nd St,Odessa,TX,79762,31.894338,-102.33752,3980519.712,12029578.69,11367745.07,7759445.386
190,Yes,Yes,No,2410,42178,0,0.930508713,0.333816502,0.562385342,0.517360089,0.883948996,other,0.230385864,0.602887759,0.408430233,0.029787234,0.290183632,0.010717365,Texas-Laredo,Laredo At Home,5000 San Dario Ave,Laredo,TX,78041,27.5542,-99.4634,#N/A,#N/A,4506097.91,4274260.286
191,No,Yes,Yes,2231,32054,1.471796193,0.863882107,0.386744777,0.513212874,0.520299266,0.85,other,0.339255072,0.59841493,0.343477826,0.032909529,0.162407379,0.012171364,Texas-Pharr,Pharr At Home,1600 W Kelly Ave,Pharr,TX,78577,26.194851,-98.20359,8958020.795,9855212.486,10032261.44,8687989.786
192,Yes,Yes,Yes,5395,45967,15.47152783,0.947365813,0.230795705,0.601160977,0.521682269,0.778198421,other,0.180068009,0.649623851,0.456624855,0.034876847,0.397223583,0.00252258,New Mexico-Albuquerque,Albuquerque At Home,11150 Lomas Blvd,Albuquerque,NM,87112,35.084371,-106.527946,7377183.245,7607685.269,8250820.186,7141277.131
193,Yes,Yes,Yes,2402,44217,23.25990971,0.958776841,0.263157895,0.583991536,0.51551389,0.839201791,other,0.226143875,0.624872057,0.461568705,0.016807192,0.316622691,0.004862795,Texas-El Paso,El Paso At Home,1120 McRae Blvd,El Paso,TX,79925,31.759775,-106.353148,4839400.596,10127588.59,9156221.856,7597872.13
194,Yes,Yes,Yes,3276,59174,12.25108527,0.95259042,0.296717254,0.595443294,0.520962662,0.832544939,other,0.13791688,0.692912997,0.468184816,0.04464667,0.518961634,0.004862795,Texas-El Paso West,El Paso West At Home,655 Sunland Park Dr,El Paso,TX,79912,31.8482,-106.5326,#N/A,#N/A,4934998.469,5712144.451
195,Yes,Yes,Yes,1745,55289,2.462078438,0.954061135,0.322221513,0.557770831,0.502296797,0.889658032,other,0.186836324,0.682483295,0.54856787,0.039953399,0.3475723,0.012777728,Utah-Riverdale,Riverdale At Home,1134 W Riverdale Rd,Riverdale,UT,84405,41.17342,-112.006638,7694060.808,8452174.954,9394736.688,8099508.038
196,Yes,Yes,Yes,2978,63159,1.020761355,0.95342312,0.316481114,0.525334107,0.510541933,0.923607238,other,0.24171081,0.646576235,0.574015332,0.058396789,0.495740934,0.016095578,Utah-West Bountiful,Bountiful At Home,190 500 W,West Bountiful,UT,84010,40.887359,-111.894909,6522875.981,6908497.43,7268318.654,5848301.29
197,Yes,Yes,Yes,2252,40704,4.587128426,0.942063026,0.353617481,0.594041796,0.499078956,0.773041987,other,0.097340536,0.76268638,0.434803874,0.031855768,0.365494239,0.022678171,Utah-Provo,Provo At Home,1165 S University Ave,Provo,UT,84601,40.2183,-111.657,5667479.04,6304403.246,6352177.378,5447496.672
198,Yes,Yes,Yes,3455,58389,0.021449441,0.936201469,0.292868348,0.594907687,0.509955352,0.854832871,other,0.155234252,0.740722866,0.57879754,0.027313359,0.361380527,0.01301479,Utah-Sandy,Sandy At Home,203 W 9000 S,Sandy,UT,84070,40.587755,-111.89628,11977636.97,13602950.57,12159167.46,9086117.875
199,Yes,Yes,No,4826,63403,2.250426981,0.967630058,0.329637286,0.602625715,0.506913308,0.82001235,other,0.120498379,0.765513658,0.612110874,0.037558685,0.325353499,0.01301479,Utah-West Jordan,West Jordan At Home,7453 Plaza Center Dr,West Jordan,UT,84084,40.6254,-111.9677,#N/A,#N/A,6581457.374,6607178.827
200,Yes,Yes,No,1915,44774,3.907242366,0.938867982,0.278187974,0.572303724,0.513042076,0.941673384,two or more,0.182903885,0.648798521,0.456010799,0.043106624,0.326844009,0.019857765,Idaho-Coeur D' Alene,Coeur D' Alene At Home,201 W Neider Ave,Coeur D' Alene,ID,83815,47.7249,-116.7891,#N/A,#N/A,#N/A,#N/A
201,Yes,Yes,Yes,1001,53820,5.320078103,0.941656999,0.271237778,0.580692375,0.51883398,0.896164088,two or more,0.186335404,0.656328177,0.50122474,0.058603217,0.425297114,0.011418574,Washington-Spokane,Spokane At Home,7619 N Division St,Spokane,WA,99208,47.7374,-117.4352,#N/A,#N/A,7400808.922,5979424.061
202,No,Yes,No,4824,32557,21.20572539,0.889103771,0.264114809,0.609464013,0.510581562,0.700346658,other,0.141785919,0.623991173,0.34479278,0.046735031,0.330682596,0.007222411,Arizona-Tucson,Tucson  At Home,5255 E Broadway Blvd,Tucson,AZ,85711,32.2152,-110.8834,#N/A,#N/A,#N/A,7999317.878
203,Yes,Yes,Yes,667,44764,3.806521601,0.857645642,0.197905556,0.519150587,0.507514787,0.900174537,other,0.254319654,0.51594249,0.440356514,0.054564672,0.400171537,0.012113041,Arizona-Prescott,Prescott At Home,1801 East State Route 69,Prescott,AZ,86301,34.550615,-112.435303,6312886.032,6935729.198,6737469.12,5736929.89
204,Yes,Yes,Yes,3470,45680,15.84743898,0.809008435,0.202449177,0.495807444,0.540719069,0.86173614,other,0.281067611,0.53236708,0.474007594,0.035375525,0.343428477,0.017853063,Arizona-Mesa,Mesa At Home,1944 S Greenfield Rd,Mesa,AZ,85206,33.380175,-111.740978,11636255.12,9832031.381,9957736.728,8206899.322
205,Yes,Yes,Yes,2482,76522,6.802377432,0.862190994,0.204598402,0.626775017,0.526708454,0.892195474,asian,0.127416572,0.708047472,0.555330674,0.089654457,0.612729701,0.017853063,Arizona-Scottsdale,Scottsdale At Home,15255 N Northsight Blvd,Scottsdale,AZ,85260,33.6013,-111.8867,#N/A,#N/A,8870019.538,7762848.523
206,Yes,Yes,Yes,3033,87508,5.074813138,0.918019773,0.357586351,0.603177502,0.504669728,0.802697485,asian,0.042528103,0.788654144,0.685737179,0.076023392,0.538879635,0.017853063,Arizona-Gilbert,Gilbert At Home,1891 Williams Field Rd,Gilbert,AZ,85295,33.306661,-111.756926,4109811.941,13534494,14169376.47,11649481.65
207,Yes,Yes,Yes,1911,85058,86.88182002,0.935439403,0.209375163,0.608707,0.515425171,0.920133633,two or more,0.199803512,0.667947179,0.512012012,0.079060266,0.558236216,0.017853063,Arizona-Phoenix,Phoenix At Home,12025 N 32nd St,Phoenix,AZ,85028,33.59568,-112.011799,10082286.21,11435712.11,10631000.61,8185219.79
208,No,Yes,Yes,2124,117052,37.04450509,0.961760574,0.256933066,0.64057285,0.506402088,0.853995995,asian,0.180460889,0.721162002,0.533547868,0.061248528,0.696027204,0.017853063,Arizona-Tempe South,Tempe At Home,1050 W Elliot Rd,Tempe,AZ,85284,33.3372,-111.9343,#N/A,#N/A,3466337.27,6168632.602
209,Yes,Yes,No,4307,45886,3.594543694,0.887620036,0.300491033,0.581643182,0.521900797,0.732849416,other,0.142300195,0.65691549,0.487221925,0.028858169,0.212952391,0.017853063,Arizona-Peoria,Peoria At Home,10140 N 91st Ave,Peoria,AZ,85345,33.576836,-112.25634,8960467.604,10121835.38,11342507.49,10197315.46
210,Yes,Yes,Yes,3653,41990,2.977452763,0.946961497,0.314811396,0.582979509,0.498553935,0.745287469,other,0.141029828,0.656454475,0.425537798,0.028242019,0.273082626,0.016467997,Washington-Kennewick,Kennewick At Home,867 N Columbia Center Blvd,Kennewick,WA,99336,46.2138,-119.179,#N/A,#N/A,3622333.766,5396730.84
211,Yes,Yes,No,909,75555,7.563819268,0.886115657,0.231668573,0.586287965,0.516139281,0.760515949,asian,0.136678467,0.640310116,0.559122044,0.082833599,0.509680953,0.016725203,Nevada-Henderson,Henderson At Home,10405 S Eastern Ave,Henderson,NV,89052,35.99993,-115.11,6426667.047,11691818.11,12254690.46,10514526.84
212,Yes,Yes,No,50,46082,4.49626209,0.947769122,0.278638837,0.563615072,0.496865744,0.762967555,other,0.288810013,0.635322839,0.472457229,0.029337139,0.195513792,0.002976525,Washington-Union Gap,Union Gap At Home,2530 Rudkin Rd,Union Gap,WA,98903,46.5389,-121.0267,#N/A,#N/A,#N/A,#N/A
213,Yes,Yes,Yes,385,55952,4.426920794,0.937411337,0.248720747,0.605141263,0.507627016,0.790978538,native american,0.198728814,0.666883424,0.506353437,0.063530849,0.401752146,0.014430664,Washington-Bellingham,Bellingham At Home,1001 E Sunset Dr,Bellingham,WA,98226,48.8006,-122.4275,#N/A,#N/A,#N/A,5001393.499
214,Yes,Yes,No,2358,74694,3.028097034,0.948983942,0.305728051,0.592906852,0.511857602,0.824009636,two or more,0.120095837,0.693776719,0.611521641,0.044973698,0.376387151,0.014455551,Washington-Puyallup,Puyallup At Home,301 37th Ave SE,Puyallup,WA,98374,47.1424,-122.2652,#N/A,680237.3088,11008512.65,7569727.459
215,Yes,Yes,No,2870,39465,8.171032061,0.907129172,0.332247164,0.605306714,0.504517086,0.442346816,other,0.07970209,0.580930807,0.404616512,0.042302358,0.300075557,0.012890781,California-Riverside,Riverside At Home,2663 Canyon Springs Pkwy,Riverside,CA,92507,33.971,-117.3249,#N/A,#N/A,4420233.95,8201805.408
216,Yes,Yes,No,4253,92531,27.66302894,0.95288032,0.225436934,0.581385555,0.52876395,0.694377764,asian,0.145338795,0.660814429,0.554210867,0.065278317,0.637567255,0.008154848,California-San Diego,San Diego  At Home,12080 Carmel Mountain Rd,San Diego,CA,92128,32.9993,-117.0718,#N/A,#N/A,6976997.698,7800504.134
217,Yes,Yes,No,1147,124471,12.02091965,0.970118496,0.328947368,0.635935277,0.500088905,0.695412518,asian,0.039830058,0.783592814,0.50326456,0.070643119,0.704815073,0.005786884,California-Foothill Ranch,Foothill Ranch At Home,26532 Towne Centre Dr Suites A & B,Foothill Ranch,CA,92610,33.6748,-117.6649,#N/A,#N/A,8038354.882,5955948.101
218,Yes,Yes,No,5344,39801,3.773473848,0.933351618,0.295012871,0.588809369,0.520353031,0.666855252,other,0.115780194,0.613635499,0.415115178,0.03921714,0.2620807,0.007750635,California-Clovis,Clovis At Home,1075 Shaw Ave,Clovis,CA,93612,36.8149,-119.7106,#N/A,#N/A,#N/A,8209257.955